{"0-0": {"solutions": [[0.5562402339904189, 0.07524694440956631, 0.05194455847577875, 0.12134345574073735, 0.044551878544761725]], "centroid": [0.5562402339904189, 0.07524694440956631, 0.05194455847577875, 0.12134345574073735, 0.044551878544761725]}, "1-0": {"solutions": [[0.5123317262563989, 0.2023380329950608, 0.0001821203314204961, 0.1126145256877617, 0.16580573612734895]], "centroid": [0.5123317262563989, 0.2023380329950608, 0.0001821203314204961, 0.1126145256877617, 0.16580573612734895]}, "2-0": {"solutions": [[0.84304746197324, 0.13826707445684394, 0.19206763799240956, 0.11985437348237213, 0.057757925873158804]], "centroid": [0.84304746197324, 0.13826707445684394, 0.19206763799240956, 0.11985437348237213, 0.057757925873158804]}, "3-0": {"solutions": [[0.0007561088802647276, 0.07271779518030072, 0.13877234330988092, 0.06296729182056693, 0.03476579236398314]], "centroid": [0.0007561088802647276, 0.07271779518030072, 0.13877234330988092, 0.06296729182056693, 0.03476579236398314]}, "4-0": {"solutions": [[0.7389281240929697, 0.13645522566068502, 0.05991768951221166, 0.12322634912172259, 0.044551878544761725]], "centroid": [0.7389281240929697, 0.13645522566068502, 0.05991768951221166, 0.12322634912172259, 0.044551878544761725]}, "5-0": {"solutions": [[4.258065478229822e-05, 0.32427811043362764, 0.19350286830045227, 0.09467820360728019, 0.01930635096021807]], "centroid": [4.258065478229822e-05, 0.32427811043362764, 0.19350286830045227, 0.09467820360728019, 0.01930635096021807]}, "6-0": {"solutions": [[0.5402345757296269, 0.04426105262320296, 0.031339917256603386, 0.12343540374046838, 0.04428366268723849]], "centroid": [0.5402345757296269, 0.04426105262320296, 0.031339917256603386, 0.12343540374046838, 0.04428366268723849]}, "7-0": {"solutions": [[0.1033435707671228, 0.007250769044574626, 0.1605818042360996, 0.06494759682517214, 0.02865804697461495]], "centroid": [0.1033435707671228, 0.007250769044574626, 0.1605818042360996, 0.06494759682517214, 0.02865804697461495]}, "8-0": {"solutions": [[0.40643487099117526, 0.09534444518157581, 0.18126747561627676, 0.06448412921429637, 0.26700273879270137]], "centroid": [0.40643487099117526, 0.09534444518157581, 0.18126747561627676, 0.06448412921429637, 0.26700273879270137]}, "9-0": {"solutions": [[0.06536413437962052, 0.09213371705821957, 0.0034164609356037434, 0.1363828133345446, 0.047915415669555594]], "centroid": [0.06536413437962052, 0.09213371705821957, 0.0034164609356037434, 0.1363828133345446, 0.047915415669555594]}, "10-0": {"solutions": [[0.08796488284764734, 0.033982197763119754, 0.10375404948896294, 0.0036910709115896556, 0.13176374573112837]], "centroid": [0.08796488284764734, 0.033982197763119754, 0.10375404948896294, 0.0036910709115896556, 0.13176374573112837]}, "11-0": {"solutions": [[0.8996397024455436, 0.13582744844496858, 0.17395566668046436, 0.11988693176906413, 0.023366640502740108]], "centroid": [0.8996397024455436, 0.13582744844496858, 0.17395566668046436, 0.11988693176906413, 0.023366640502740108]}, "12-0": {"solutions": [[0.588124667994153, 0.13627955980572554, 0.05991768951221166, 0.12533148083265333, 0.042357244286428064]], "centroid": [0.588124667994153, 0.13627955980572554, 0.05991768951221166, 0.12533148083265333, 0.042357244286428064]}, "13-0": {"solutions": [[0.00010397528383958993, 0.013512117200044887, 0.1601574678015597, 0.10448103264999595, 0.0490017284230472]], "centroid": [0.00010397528383958993, 0.013512117200044887, 0.1601574678015597, 0.10448103264999595, 0.0490017284230472]}, "14-0": {"solutions": [[0.007797297336948589, 0.0875711968131376, 0.06309764254012426, 0.037967180661200806, 0.025357104650076012]], "centroid": [0.007797297336948589, 0.0875711968131376, 0.06309764254012426, 0.037967180661200806, 0.025357104650076012]}, "15-0": {"solutions": [[0.3109140830316663, 0.13624035876151486, 0.1689396258117692, 0.006763758292482436, 0.11407262275995979]], "centroid": [0.3109140830316663, 0.13624035876151486, 0.1689396258117692, 0.006763758292482436, 0.11407262275995979]}, "16-0": {"solutions": [[0.40654593065456746, 0.01196003628514964, 0.2794232449447329, 0.09590472669233391, 0.035437226060793234]], "centroid": [0.40654593065456746, 0.01196003628514964, 0.2794232449447329, 0.09590472669233391, 0.035437226060793234]}, "17-0": {"solutions": [[0.06708523789221083, 0.13708884544603125, 0.042348220470611486, 0.08897950378646743, 0.0010754922397986227]], "centroid": [0.06708523789221083, 0.13708884544603125, 0.042348220470611486, 0.08897950378646743, 0.0010754922397986227]}, "18-0": {"solutions": [[1.1524162046444575e-06, 0.07965150299562143, 0.19350286830045227, 0.5976947569826832, 0.05520309301257259]], "centroid": [1.1524162046444575e-06, 0.07965150299562143, 0.19350286830045227, 0.5976947569826832, 0.05520309301257259]}, "19-0": {"solutions": [[0.7320782256650171, 0.009207545813906079, 0.15049517103893667, 0.12533832526523367, 0.053149838476265865]], "centroid": [0.7320782256650171, 0.009207545813906079, 0.15049517103893667, 0.12533832526523367, 0.053149838476265865]}, "20-0": {"solutions": [[0.40543611630196663, 0.22060556376456114, 0.1784577312865559, 0.20806903758524564, 0.028768823353272244]], "centroid": [0.40543611630196663, 0.22060556376456114, 0.1784577312865559, 0.20806903758524564, 0.028768823353272244]}, "21-0": {"solutions": [[0.5080132592843014, 0.23373192664627074, 0.18332245884554627, 0.09438462776272546, 0.1987132938027235]], "centroid": [0.5080132592843014, 0.23373192664627074, 0.18332245884554627, 0.09438462776272546, 0.1987132938027235]}, "22-0": {"solutions": [[0.4144773736892432, 0.20090685439531347, 0.05991768951221166, 0.2142947366714332, 0.044551878544761725]], "centroid": [0.4144773736892432, 0.20090685439531347, 0.05991768951221166, 0.2142947366714332, 0.044551878544761725]}, "23-0": {"solutions": [[0.8419778940019613, 0.12082555573575021, 0.29534293952441987, 0.09612855899994135, 0.04458643237286891]], "centroid": [0.8419778940019613, 0.12082555573575021, 0.29534293952441987, 0.09612855899994135, 0.04458643237286891]}, "24-0": {"solutions": [[0.5242393077718953, 0.13645597674810356, 0.2023871021668181, 0.10454901441336761, 0.044551878544761725]], "centroid": [0.5242393077718953, 0.13645597674810356, 0.2023871021668181, 0.10454901441336761, 0.044551878544761725]}, "25-0": {"solutions": [[0.9879391161961564, 0.013512117200044887, 0.1601576471599723, 0.10425974240660886, 0.07464569590589447]], "centroid": [0.9879391161961564, 0.013512117200044887, 0.1601576471599723, 0.10425974240660886, 0.07464569590589447]}, "26-0": {"solutions": [[0.46246302003041306, 0.20358272276221004, 0.23803573915837978, 0.036504463382380906, 0.0973963659203053]], "centroid": [0.46246302003041306, 0.20358272276221004, 0.23803573915837978, 0.036504463382380906, 0.0973963659203053]}, "27-0": {"solutions": [[0.9839508303754129, 0.2023380329950608, 0.1748072673860659, 0.1259109611178833, 0.12146046847998251]], "centroid": [0.9839508303754129, 0.2023380329950608, 0.1748072673860659, 0.1259109611178833, 0.12146046847998251]}, "28-0": {"solutions": [[0.9848957948108357, 0.1376943976170154, 0.17670804164105994, 0.21295637480008442, 0.04261695577884472]], "centroid": [0.9848957948108357, 0.1376943976170154, 0.17670804164105994, 0.21295637480008442, 0.04261695577884472]}, "29-0": {"solutions": [[0.7781055326465932, 0.13645522566068502, 0.05991768951221166, 0.12322634912172259, 0.12404356509169326]], "centroid": [0.7781055326465932, 0.13645522566068502, 0.05991768951221166, 0.12322634912172259, 0.12404356509169326]}, "30-0": {"solutions": [[0.9764423470404432, 0.21233501703444882, 0.17510317403678513, 0.04669304092207431, 0.248798618604843]], "centroid": [0.9764423470404432, 0.21233501703444882, 0.17510317403678513, 0.04669304092207431, 0.248798618604843]}, "31-0": {"solutions": [[0.7423040881506267, 0.13326429814029747, 0.002674387843143035, 0.12322634912172259, 0.044551878544761725]],